<?xml version="1.0"?>
<doc>
    <assembly>
        <name>$safeprojectname$</name>
    </assembly>
    <members>
        <member name="M:$safeprojectname$.Controllers.v1.EmployeesController.Get($ext_projectname$.Application.Features.Employees.Queries.GetEmployees.GetEmployeesQuery)">
            <summary>
            GET: api/controller
            </summary>
            <param name="filter"></param>
            <returns></returns>
        </member>
        <member name="M:$safeprojectname$.Controllers.v1.PositionsController.Get($ext_projectname$.Application.Features.Positions.Queries.GetPositions.GetPositionsQuery)">
            <summary>
            GET: api/controller
            </summary>
            <param name="filter"></param>
            <returns></returns>
        </member>
        <member name="M:$safeprojectname$.Controllers.v1.PositionsController.Get(System.Int32)">
            <summary>
            GET api/controller/5
            </summary>
            <param name="id"></param>
            <returns></returns>
        </member>
        <member name="M:$safeprojectname$.Controllers.v1.PositionsController.Post($ext_projectname$.Application.Features.Positions.Commands.CreatePosition.CreatePositionCommand)">
            <summary>
            POST api/controller
            </summary>
            <param name="command"></param>
            <returns></returns>
        </member>
        <member name="M:$safeprojectname$.Controllers.v1.PositionsController.AddMock($ext_projectname$.Application.Features.Positions.Commands.CreatePosition.InsertMockPositionCommand)">
            <summary>
            Bulk insert fake data by specifying number of rows
            </summary>
            <param name="command"></param>
            <returns></returns>
        </member>
        <member name="M:$safeprojectname$.Controllers.v1.PositionsController.Put(System.Int32,$ext_projectname$.Application.Features.Positions.Commands.UpdatePosition.UpdatePositionCommand)">
            <summary>
            PUT api/controller/5
            </summary>
            <param name="id"></param>
            <param name="command"></param>
            <returns></returns>
        </member>
        <member name="M:$safeprojectname$.Controllers.v1.PositionsController.Delete(System.Int32)">
            <summary>
            DELETE api/controller/5
            </summary>
            <param name="id"></param>
            <returns></returns>
        </member>
    </members>
</doc>
